album_id,artist_id,album_info
101,1,"{""title"": ""Luz de Neon"", ""release_year"": 2021, ""label"": {""label_name"": ""Sol Records"", ""country"": ""Mexico""}}"
102,1,"{""title"": ""Corazon Digital"", ""release_year"": 2023, ""label"": {""label_name"": ""Sol Records"", ""country"": ""Mexico""}}"
103,2,"{""title"": ""Static Lines"", ""release_year"": 2019, ""label"": {""label_name"": ""Northbound Music"", ""country"": ""USA""}}"
104,2,"{""title"": ""Rewire"", ""release_year"": 2022, ""label"": {""label_name"": ""Northbound Music"", ""country"": ""USA""}}"
105,3,"{""title"": ""Pixel Heart"", ""release_year"": 2020, ""label"": {""label_name"": ""Tokyo Wave"", ""country"": ""Japan""}}"
106,4,"{""title"": ""Horizon Loop"", ""release_year"": 2021, ""label"": {""label_name"": ""Berlin Beats"", ""country"": ""Germany""}}"
107,4,"{""title"": ""Afterglow"", ""release_year"": 2023, ""label"": {""label_name"": ""Berlin Beats"", ""country"": ""Germany""}}"
108,5,"{""title"": ""Raices"", ""release_year"": 2018, ""label"": {""label_name"": ""Casa Sonora"", ""country"": ""Mexico""}}"
109,6,"{""title"": ""Static Bloom"", ""release_year"": 2020, ""label"": {""label_name"": ""Grey Harbor"", ""country"": ""UK""}}"
110,6,"{""title"": ""Low Tide"", ""release_year"": 2022, ""label"": {""label_name"": ""Grey Harbor"", ""country"": ""UK""}}"
111,7,"{""title"": ""Sevilla en Llamas"", ""release_year"": 2022, ""label"": {""label_name"": ""Flamenco Sol"", ""country"": ""Spain""}}"
112,7,"{""title"": ""Alma Andaluza"", ""release_year"": 2024, ""label"": {""label_name"": ""Flamenco Sol"", ""country"": ""Spain""}}"
113,8,"{""title"": ""Pulse Grid"", ""release_year"": 2019, ""label"": {""label_name"": ""Maple Beats"", ""country"": ""Canada""}}"
114,8,"{""title"": ""Voltage"", ""release_year"": 2021, ""label"": {""label_name"": ""Maple Beats"", ""country"": ""Canada""}}"
115,9,"{""title"": ""Yozora"", ""release_year"": 2020, ""label"": {""label_name"": ""Tokyo Wave"", ""country"": ""Japan""}}"
116,9,"{""title"": ""Kokoro"", ""release_year"": 2023, ""label"": {""label_name"": ""Tokyo Wave"", ""country"": ""Japan""}}"
117,10,"{""title"": ""Midnight Session"", ""release_year"": 2018, ""label"": {""label_name"": ""Blue Note Alley"", ""country"": ""USA""}}"
118,10,"{""title"": ""Brass and Rain"", ""release_year"": 2022, ""label"": {""label_name"": ""Blue Note Alley"", ""country"": ""USA""}}"
119,3,"{""title"": ""Neon Dreams"", ""release_year"": 2024, ""label"": {""label_name"": ""Tokyo Wave"", ""country"": ""Japan""}}"
120,5,"{""title"": ""Semillas"", ""release_year"": 2021, ""label"": {""label_name"": ""Casa Sonora"", ""country"": ""Mexico""}}"
