stream_id,album_id,listener_info,stream_count
5001,101,"{""listener_name"": ""Lars Torres"", ""country"": ""UK"", ""subscription"": {""plan"": ""Premium"", ""since"": ""2020-03-24""}}",6358
5002,101,"{""listener_name"": ""Felix Haddad"", ""country"": ""Brazil"", ""subscription"": {""plan"": ""Premium"", ""since"": ""2023-07-02""}}",3976
5003,101,"{""listener_name"": ""Yuki Lopez"", ""country"": ""Germany"", ""subscription"": {""plan"": ""Premium"", ""since"": ""2023-04-23""}}",24295
5004,102,"{""listener_name"": ""Ravi Hoffmann"", ""country"": ""Germany"", ""subscription"": {""plan"": ""Free"", ""since"": ""2023-05-26""}}",31485
5005,102,"{""listener_name"": ""Ana Novak"", ""country"": ""Japan"", ""subscription"": {""plan"": ""Free"", ""since"": ""2021-05-05""}}",10055
5006,102,"{""listener_name"": ""Petra Fernandez"", ""country"": ""USA"", ""subscription"": {""plan"": ""Premium"", ""since"": ""2022-02-12""}}",30770
5007,103,"{""listener_name"": ""Marcus Fischer"", ""country"": ""Mexico"", ""subscription"": {""plan"": ""Free"", ""since"": ""2023-02-13""}}",5582
5008,103,"{""listener_name"": ""Ravi Patel"", ""country"": ""France"", ""subscription"": {""plan"": ""Free"", ""since"": ""2023-04-23""}}",5279
5009,103,"{""listener_name"": ""Jake Muller"", ""country"": ""Germany"", ""subscription"": {""plan"": ""Free"", ""since"": ""2019-04-28""}}",6309
5010,104,"{""listener_name"": ""Hans Delgado"", ""country"": ""Spain"", ""subscription"": {""plan"": ""Premium"", ""since"": ""2021-06-07""}}",24960
5011,104,"{""listener_name"": ""Hans Tanaka"", ""country"": ""USA"", ""subscription"": {""plan"": ""Premium"", ""since"": ""2023-12-08""}}",8354
5012,104,"{""listener_name"": ""Rosa Nakamura"", ""country"": ""UK"", ""subscription"": {""plan"": ""Premium"", ""since"": ""2024-06-27""}}",28176
5013,105,"{""listener_name"": ""Tom Zhang"", ""country"": ""Mexico"", ""subscription"": {""plan"": ""Free"", ""since"": ""2022-05-03""}}",9913
5014,105,"{""listener_name"": ""Camila Ivanova"", ""country"": ""Spain"", ""subscription"": {""plan"": ""Premium"", ""since"": ""2024-08-13""}}",31989
5015,106,"{""listener_name"": ""Rosa Reyes"", ""country"": ""UK"", ""subscription"": {""plan"": ""Premium"", ""since"": ""2020-12-18""}}",20661
5016,106,"{""listener_name"": ""Hans Haddad"", ""country"": ""France"", ""subscription"": {""plan"": ""Free"", ""since"": ""2023-07-12""}}",10186
5017,106,"{""listener_name"": ""Carlos Dubois"", ""country"": ""Italy"", ""subscription"": {""plan"": ""Premium"", ""since"": ""2019-02-05""}}",23560
5018,107,"{""listener_name"": ""Lucas Muller"", ""country"": ""Canada"", ""subscription"": {""plan"": ""Premium"", ""since"": ""2022-07-20""}}",18337
5019,107,"{""listener_name"": ""Chloe Fischer"", ""country"": ""Brazil"", ""subscription"": {""plan"": ""Premium"", ""since"": ""2024-12-04""}}",25338
5020,108,"{""listener_name"": ""Petra Fischer"", ""country"": ""Spain"", ""subscription"": {""plan"": ""Premium"", ""since"": ""2021-07-06""}}",17867
5021,108,"{""listener_name"": ""Ana Haddad"", ""country"": ""UK"", ""subscription"": {""plan"": ""Premium"", ""since"": ""2023-02-28""}}",23489
5022,108,"{""listener_name"": ""Grace Zhang"", ""country"": ""Brazil"", ""subscription"": {""plan"": ""Premium"", ""since"": ""2020-06-25""}}",8293
5023,109,"{""listener_name"": ""Petra Ortiz"", ""country"": ""Brazil"", ""subscription"": {""plan"": ""Premium"", ""since"": ""2023-06-16""}}",3638
5024,109,"{""listener_name"": ""Lars Ortiz"", ""country"": ""Spain"", ""subscription"": {""plan"": ""Free"", ""since"": ""2020-01-08""}}",31770
5025,109,"{""listener_name"": ""Elena Sato"", ""country"": ""USA"", ""subscription"": {""plan"": ""Free"", ""since"": ""2019-09-25""}}",7120
5026,110,"{""listener_name"": ""Felix Kim"", ""country"": ""Brazil"", ""subscription"": {""plan"": ""Premium"", ""since"": ""2021-09-28""}}",22876
5027,110,"{""listener_name"": ""Nina Lopez"", ""country"": ""Brazil"", ""subscription"": {""plan"": ""Premium"", ""since"": ""2024-05-13""}}",25009
5028,111,"{""listener_name"": ""Sophia Delgado"", ""country"": ""Brazil"", ""subscription"": {""plan"": ""Free"", ""since"": ""2019-04-08""}}",5098
5029,111,"{""listener_name"": ""Diego Torres"", ""country"": ""France"", ""subscription"": {""plan"": ""Premium"", ""since"": ""2023-04-01""}}",5326
5030,111,"{""listener_name"": ""Aiko Garcia"", ""country"": ""Mexico"", ""subscription"": {""plan"": ""Premium"", ""since"": ""2019-01-28""}}",13827
5031,112,"{""listener_name"": ""Chloe Baker"", ""country"": ""UK"", ""subscription"": {""plan"": ""Free"", ""since"": ""2020-09-05""}}",26702
5032,112,"{""listener_name"": ""Camila Nilsson"", ""country"": ""France"", ""subscription"": {""plan"": ""Free"", ""since"": ""2020-08-26""}}",16338
5033,113,"{""listener_name"": ""Lars Weber"", ""country"": ""Canada"", ""subscription"": {""plan"": ""Free"", ""since"": ""2022-07-15""}}",31306
5034,113,"{""listener_name"": ""Omar Miller"", ""country"": ""USA"", ""subscription"": {""plan"": ""Premium"", ""since"": ""2022-12-11""}}",29233
5035,114,"{""listener_name"": ""Tom Lopez"", ""country"": ""Germany"", ""subscription"": {""plan"": ""Free"", ""since"": ""2020-07-06""}}",12127
5036,114,"{""listener_name"": ""Rosa Baker"", ""country"": ""USA"", ""subscription"": {""plan"": ""Free"", ""since"": ""2023-02-02""}}",24369
5037,115,"{""listener_name"": ""Wei Torres"", ""country"": ""USA"", ""subscription"": {""plan"": ""Premium"", ""since"": ""2020-07-16""}}",18773
5038,115,"{""listener_name"": ""Maria Ali"", ""country"": ""Canada"", ""subscription"": {""plan"": ""Premium"", ""since"": ""2020-07-01""}}",15793
5039,115,"{""listener_name"": ""Hans Ortiz"", ""country"": ""Italy"", ""subscription"": {""plan"": ""Free"", ""since"": ""2022-12-24""}}",28669
5040,116,"{""listener_name"": ""Felix Tanaka"", ""country"": ""Italy"", ""subscription"": {""plan"": ""Premium"", ""since"": ""2020-05-07""}}",4916
5041,116,"{""listener_name"": ""Elena Haddad"", ""country"": ""Brazil"", ""subscription"": {""plan"": ""Premium"", ""since"": ""2024-06-02""}}",4643
5042,116,"{""listener_name"": ""Elena Kim"", ""country"": ""Brazil"", ""subscription"": {""plan"": ""Premium"", ""since"": ""2019-09-03""}}",30896
5043,117,"{""listener_name"": ""Yuki Silva"", ""country"": ""USA"", ""subscription"": {""plan"": ""Premium"", ""since"": ""2022-02-19""}}",11067
5044,117,"{""listener_name"": ""Elena Silva"", ""country"": ""Mexico"", ""subscription"": {""plan"": ""Premium"", ""since"": ""2022-11-19""}}",21521
5045,118,"{""listener_name"": ""Diego Ortiz"", ""country"": ""UK"", ""subscription"": {""plan"": ""Premium"", ""since"": ""2024-12-11""}}",10821
5046,118,"{""listener_name"": ""Hans Nakamura"", ""country"": ""Japan"", ""subscription"": {""plan"": ""Free"", ""since"": ""2022-06-25""}}",5377
5047,118,"{""listener_name"": ""Ana Delgado"", ""country"": ""France"", ""subscription"": {""plan"": ""Premium"", ""since"": ""2019-09-07""}}",19576
5048,119,"{""listener_name"": ""Carlos Ortiz"", ""country"": ""Spain"", ""subscription"": {""plan"": ""Premium"", ""since"": ""2020-06-10""}}",8169
5049,119,"{""listener_name"": ""Rosa Zhang"", ""country"": ""Brazil"", ""subscription"": {""plan"": ""Free"", ""since"": ""2023-11-17""}}",3256
5050,119,"{""listener_name"": ""Felix Zhang"", ""country"": ""Brazil"", ""subscription"": {""plan"": ""Free"", ""since"": ""2024-02-05""}}",11666
5051,120,"{""listener_name"": ""Erik Weber"", ""country"": ""Brazil"", ""subscription"": {""plan"": ""Premium"", ""since"": ""2021-05-20""}}",9901
5052,120,"{""listener_name"": ""Aiko Fernandez"", ""country"": ""Germany"", ""subscription"": {""plan"": ""Free"", ""since"": ""2023-08-09""}}",30725
